hour_utc,tent-1-derived.co2_trend_ppm_min,tent-1-derived.dew_point_c,tent-1-derived.fruiting_score,tent-1.co2_ppm,tent-1.humidity_pct,tent-1.light_lux,tent-1.temperature_c,tent-1.vpd_kpa,tent-2.co2_ppm,tent-2.humidity_pct,tent-2.light_lux,tent-2.temperature_c,tent-2.vpd_kpa
2026-05-24T16:00:00Z,,,,860.925,81.922,8753.375,22.346,0.488,798.925,81.73,8763.0,22.453,0.497
2026-05-24T18:00:00Z,5.996,18.054,92.6,897.287,86.315,4860.434,20.415,0.328,954.28,86.351,4859.205,20.432,0.328
2026-05-24T19:00:00Z,-1.401,17.739,94.102,802.7,87.644,3710.306,19.85,0.286,903.411,87.653,3712.039,19.861,0.286
2026-05-24T20:00:00Z,1.928,17.369,89.379,901.017,89.252,2357.195,19.181,0.239,872.678,89.253,2354.753,19.183,0.239
2026-05-24T21:00:00Z,0.888,17.037,86.825,946.386,90.517,1257.451,18.62,0.204,884.74,90.525,1255.366,18.632,0.204
2026-05-24T22:00:00Z,1.558,16.824,88.372,866.445,91.485,473.11,18.235,0.178,868.862,91.456,472.39,18.231,0.179
2026-05-24T23:00:00Z,-1.142,16.698,86.862,907.02,91.879,73.941,18.039,0.168,876.634,91.924,74.186,18.031,0.167
2026-05-25T00:00:00Z,-2.304,16.705,87.543,877.719,91.952,73.519,18.034,0.166,863.214,91.937,75.659,18.036,0.167
2026-05-25T01:00:00Z,-1.534,16.819,88.846,857.384,91.439,472.16,18.238,0.179,913.275,91.418,476.064,18.231,0.18
2026-05-25T02:00:00Z,0.477,17.053,87.895,904.077,90.558,1255.041,18.63,0.203,915.132,90.573,1251.267,18.628,0.202
2026-05-25T03:00:00Z,0.282,17.359,90.551,859.421,89.246,2358.203,19.174,0.239,896.737,89.269,2356.506,19.175,0.239
2026-05-25T04:00:00Z,0.695,17.741,93.8,808.719,87.672,3710.734,19.848,0.286,904.435,87.675,3712.205,19.869,0.286
2026-05-25T05:00:00Z,0.772,18.169,93.826,866.53,85.923,5218.022,20.61,0.342,829.393,85.882,5216.783,20.617,0.343
2026-05-25T06:00:00Z,-0.715,18.586,94.386,841.381,84.087,6781.906,21.387,0.405,889.115,84.065,6781.225,21.386,0.406
2026-05-25T07:00:00Z,-0.746,18.99,90.396,864.648,82.297,8289.662,22.152,0.473,877.606,82.295,8288.775,22.139,0.472
2026-05-25T08:00:00Z,2.428,19.343,87.168,867.452,80.777,9640.172,22.821,0.534,915.548,80.713,9642.85,22.828,0.536
2026-05-25T09:00:00Z,0.321,19.627,84.212,883.099,79.485,10744.11,23.378,0.59,886.31,79.481,10744.244,23.366,0.589
2026-05-25T10:00:00Z,-0.366,19.816,81.912,894.861,78.562,11526.087,23.766,0.631,858.945,78.556,11525.438,23.759,0.631
2026-05-25T11:00:00Z,1.24,19.908,80.77,901.617,78.066,11931.774,23.967,0.653,868.522,78.084,11930.267,23.964,0.653
2026-05-25T12:00:00Z,0.467,19.917,80.9,890.306,78.101,11931.726,23.968,0.652,869.796,78.113,11932.357,23.969,0.652
2026-05-25T13:00:00Z,-2.611,19.811,82.367,886.604,78.545,11526.321,23.765,0.631,889.877,78.553,11528.696,23.772,0.631
2026-05-25T14:00:00Z,-2.121,19.607,84.43,866.006,79.453,10747.256,23.364,0.59,941.866,79.458,10746.762,23.366,0.59
2026-05-25T15:00:00Z,1.267,19.333,86.821,876.115,80.727,9641.559,22.82,0.536,912.462,80.761,9645.752,22.824,0.535
2026-05-25T16:00:00Z,-0.494,19.0,90.405,864.695,82.372,8291.474,22.145,0.47,868.751,82.313,8289.509,22.143,0.472
2026-05-25T17:00:00Z,1.841,18.6,92.139,919.774,84.105,6780.242,21.397,0.405,883.384,84.12,6782.17,21.383,0.405
2026-05-25T18:00:00Z,3.205,18.175,92.064,918.976,85.934,5220.106,20.612,0.342,892.967,85.912,5221.885,20.612,0.342
2026-05-25T19:00:00Z,-1.928,17.756,93.06,837.066,87.66,3710.947,19.864,0.286,832.805,87.69,3711.65,19.86,0.286
2026-05-25T20:00:00Z,-2.991,17.36,91.929,825.085,89.233,2357.568,19.176,0.239,865.352,89.199,2358.574,19.182,0.24
2026-05-25T21:00:00Z,3.513,17.051,89.317,864.43,90.531,1254.438,18.631,0.203,888.004,90.534,1252.814,18.629,0.203
2026-05-25T22:00:00Z,-2.312,16.815,86.374,930.89,91.461,472.39,18.23,0.179,936.847,91.441,473.989,18.231,0.179
2026-05-25T23:00:00Z,-1.54,16.699,86.503,911.491,91.892,72.958,18.039,0.168,889.497,91.914,77.615,18.038,0.167
2026-05-26T00:00:00Z,1.745,16.696,85.775,932.939,91.928,75.095,18.029,0.167,938.859,91.931,74.092,18.031,0.167
2026-05-26T01:00:00Z,0.265,16.813,88.135,877.696,91.445,467.179,18.231,0.179,934.617,91.435,472.816,18.241,0.18
2026-05-26T02:00:00Z,-0.529,17.058,89.77,855.563,90.532,1257.229,18.639,0.203,947.743,90.566,1256.619,18.637,0.203
2026-05-26T03:00:00Z,-3.099,17.356,90.1,872.599,89.255,2356.151,19.17,0.239,877.711,89.242,2357.717,19.18,0.239
2026-05-26T04:00:00Z,2.318,17.745,89.978,930.676,87.647,3709.347,19.856,0.286,941.971,87.626,3713.449,19.847,0.287
2026-05-26T05:00:00Z,-0.857,18.147,93.821,866.714,85.901,5221.193,20.593,0.342,872.092,85.939,5220.085,20.603,0.341
2026-05-26T06:00:00Z,2.599,18.586,92.063,907.208,84.068,6781.384,21.391,0.406,858.242,84.09,6778.59,21.386,0.405
2026-05-26T07:00:00Z,2.014,18.996,89.368,897.033,82.337,8291.273,22.149,0.471,873.01,82.302,8284.897,22.152,0.472
2026-05-26T08:00:00Z,-4.467,19.348,89.335,802.724,80.782,9638.976,22.826,0.534,912.479,80.744,9640.138,22.824,0.535
2026-05-26T09:00:00Z,1.372,19.621,83.902,907.639,79.456,10745.789,23.379,0.591,822.687,79.437,10748.154,23.363,0.591
2026-05-26T10:00:00Z,-0.214,19.807,81.449,908.386,78.556,11527.414,23.76,0.631,877.001,78.52,11527.741,23.767,0.632
2026-05-26T11:00:00Z,0.081,19.906,81.38,884.973,78.084,11934.691,23.961,0.652,917.722,78.065,11932.939,23.967,0.653
2026-05-26T12:00:00Z,3.295,19.912,78.272,975.285,78.08,11929.757,23.968,0.653,889.008,78.103,11931.19,23.973,0.652
2026-05-26T13:00:00Z,-2.348,19.802,84.217,829.729,78.549,11524.99,23.755,0.631,856.169,78.562,11531.377,23.758,0.631
2026-05-26T14:00:00Z,2.711,19.612,81.313,967.542,79.437,10750.369,23.372,0.591,866.69,79.464,10748.471,23.371,0.59
2026-05-26T15:00:00Z,-3.493,19.348,87.77,844.503,80.742,9643.141,22.831,0.536,939.122,80.816,9643.935,22.819,0.533
2026-05-26T16:00:00Z,0.137,18.988,88.952,923.991,82.296,8291.301,22.149,0.473,865.007,82.333,8288.809,22.144,0.471
2026-05-26T17:00:00Z,-1.655,18.596,90.817,948.145,84.121,6780.46,21.389,0.405,874.206,84.063,6780.977,21.385,0.406
2026-05-26T18:00:00Z,4.854,18.15,92.635,902.599,85.848,5219.411,20.604,0.344,841.625,85.898,5218.284,20.616,0.343
2026-05-26T19:00:00Z,-5.509,17.747,91.786,869.638,87.674,3710.526,19.851,0.286,867.834,87.687,3712.59,19.859,0.286
2026-05-26T20:00:00Z,5.721,17.361,88.865,919.521,89.232,2360.527,19.178,0.239,934.011,89.267,2356.451,19.182,0.239
2026-05-26T21:00:00Z,-3.549,17.055,87.069,936.981,90.531,1254.917,18.636,0.203,883.798,90.535,1258.065,18.627,0.203
2026-05-26T22:00:00Z,1.515,16.825,87.635,888.995,91.425,468.743,18.247,0.18,878.387,91.415,474.563,18.239,0.18
2026-05-26T23:00:00Z,-3.156,16.699,87.801,872.549,91.929,76.036,18.03,0.167,844.033,91.94,75.052,18.024,0.167
2026-05-27T00:00:00Z,1.64,16.698,87.156,884.132,91.918,75.39,18.032,0.167,904.283,91.936,73.729,18.042,0.167
2026-05-27T01:00:00Z,-0.467,16.81,89.05,832.864,91.399,470.88,18.236,0.18,999.388,91.451,470.116,18.226,0.179
2026-05-27T02:00:00Z,-1.321,17.037,90.906,806.641,90.501,1253.089,18.624,0.204,861.924,90.486,1251.739,18.634,0.204
2026-05-27T03:00:00Z,0.462,17.36,88.943,911.974,89.258,2353.913,19.173,0.239,908.711,89.198,2360.268,19.19,0.24
2026-05-27T04:00:00Z,1.549,17.731,90.702,907.549,87.625,3711.319,19.847,0.287,926.157,87.679,3707.768,19.856,0.286
2026-05-27T05:00:00Z,1.9,18.164,94.009,859.901,85.914,5220.451,20.606,0.342,871.94,85.925,5220.567,20.612,0.342
2026-05-27T06:00:00Z,-2.866,18.585,93.076,885.456,84.074,6780.009,21.39,0.406,829.958,84.052,6784.523,21.389,0.406
2026-05-27T07:00:00Z,0.012,18.988,89.04,911.137,82.3,8287.45,22.15,0.473,846.401,82.329,8286.079,22.142,0.471
2026-05-27T08:00:00Z,0.605,19.338,83.47,980.197,80.771,9640.221,22.817,0.534,897.73,80.725,9641.094,22.813,0.536
2026-05-27T09:00:00Z,-2.776,19.633,84.854,854.96,79.494,10749.491,23.383,0.59,964.728,79.469,10748.326,23.37,0.59
2026-05-27T10:00:00Z,4.14,19.811,81.386,919.576,78.539,11526.69,23.767,0.631,836.233,78.491,11523.968,23.758,0.633
2026-05-27T11:00:00Z,-3.733,19.921,81.588,868.882,78.082,11930.189,23.977,0.653,885.538,78.089,11932.05,23.965,0.652
2026-05-27T12:00:00Z,5.109,19.912,80.079,922.434,78.101,11934.471,23.964,0.652,936.618,78.055,11933.493,23.972,0.654
2026-05-27T13:00:00Z,-2.013,19.81,80.336,947.376,78.538,11526.147,23.765,0.631,831.295,78.563,11526.004,23.766,0.631
2026-05-27T14:00:00Z,-1.738,19.605,84.767,861.061,79.412,10748.398,23.37,0.592,944.697,79.466,10743.809,23.372,0.59
2026-05-27T15:00:00Z,-0.459,19.348,87.118,880.778,80.777,9645.309,22.825,0.535,909.378,80.789,9642.729,22.824,0.534
2026-05-27T16:00:00Z,2.025,18.986,89.254,896.069,82.314,8292.174,22.143,0.472,870.827,82.341,8295.548,22.142,0.471
2026-05-27T17:00:00Z,1.649,18.593,93.806,868.432,84.1,6782.969,21.39,0.405,933.428,84.094,6778.938,21.384,0.405
2026-05-27T18:00:00Z,-1.799,18.158,92.807,884.167,85.906,5218.543,20.6,0.342,846.267,85.92,5216.193,20.608,0.342
2026-05-27T19:00:00Z,-1.603,17.75,92.782,846.754,87.652,3710.409,19.859,0.286,931.231,87.699,3710.717,19.862,0.285
2026-05-27T20:00:00Z,-0.684,17.383,91.697,823.401,89.312,2356.826,19.184,0.238,889.302,89.294,2357.605,19.186,0.238
2026-05-27T21:00:00Z,1.945,17.047,87.665,916.012,90.558,1251.737,18.622,0.203,898.236,90.509,1249.037,18.638,0.204
2026-05-27T22:00:00Z,-0.805,16.833,88.928,835.499,91.434,489.725,18.252,0.18,870.165,91.423,491.12,18.246,0.18
2026-05-27T23:00:00Z,-0.366,16.7,86.423,906.012,91.9,73.321,18.037,0.168,873.463,91.96,78.905,18.028,0.166
2026-05-28T00:00:00Z,-0.611,16.706,87.665,872.112,91.914,75.785,18.042,0.167,863.668,91.917,75.463,18.045,0.167
2026-05-28T01:00:00Z,-0.658,16.816,87.315,900.103,91.361,468.343,18.249,0.181,894.89,91.44,467.917,18.234,0.179
2026-05-28T02:00:00Z,1.392,17.066,88.629,894.663,90.569,1255.403,18.642,0.203,894.878,90.506,1256.081,18.621,0.204
2026-05-28T03:00:00Z,4.957,17.366,89.27,897.067,89.237,2359.162,19.182,0.239,950.71,89.267,2359.701,19.188,0.239
2026-05-28T04:00:00Z,-0.678,17.744,91.762,877.423,87.678,3704.875,19.85,0.286,844.062,87.661,3702.453,19.849,0.286
2026-05-28T05:00:00Z,-1.468,18.174,92.904,900.655,85.955,5219.643,20.609,0.341,952.314,85.909,5218.169,20.609,0.342
2026-05-28T06:00:00Z,-0.326,18.592,92.932,888.928,84.119,6769.033,21.387,0.405,979.644,84.159,6771.168,21.378,0.403
2026-05-28T07:00:00Z,-1.684,18.985,87.845,951.53,82.29,8303.223,22.151,0.473,876.965,82.284,8300.713,22.157,0.473
2026-05-28T08:00:00Z,5.056,19.344,84.015,952.082,80.779,9635.906,22.821,0.534,938.293,80.771,9643.74,22.822,0.535
2026-05-28T09:00:00Z,-5.632,19.613,84.995,856.523,79.475,10746.065,23.367,0.59,853.728,79.466,10746.014,23.37,0.59
2026-05-28T10:00:00Z,5.844,19.804,81.808,901.656,78.512,11531.145,23.765,0.632,892.147,78.528,11527.296,23.75,0.631
2026-05-28T11:00:00Z,-3.663,19.913,76.944,1009.558,78.075,11936.266,23.969,0.653,903.1,78.069,11932.517,23.977,0.654
2026-05-28T12:00:00Z,-0.609,19.927,79.184,953.218,78.139,11927.752,23.972,0.651,851.555,78.066,11932.543,23.965,0.653
2026-05-28T13:00:00Z,-2.571,19.811,81.437,909.005,78.543,11529.154,23.765,0.631,843.487,78.56,11525.159,23.756,0.63
2026-05-28T14:00:00Z,2.809,19.622,82.247,944.483,79.5,10747.422,23.37,0.589,850.508,79.452,10748.319,23.371,0.59
2026-05-28T15:00:00Z,-0.003,19.326,86.538,875.781,80.667,9655.808,22.825,0.538,992.652,80.729,9654.613,22.844,0.537
2026-05-28T16:00:00Z,-0.017,18.985,86.686,985.681,82.302,8283.142,22.144,0.472,822.954,82.313,8277.898,22.143,0.472
2026-05-28T17:00:00Z,-1.223,18.595,93.225,879.873,84.101,6782.3,21.392,0.405,893.881,84.11,6782.364,21.393,0.405
2026-05-28T18:00:00Z,1.908,18.171,92.356,914.739,85.923,5220.72,20.61,0.342,847.902,85.994,5220.164,20.605,0.34
2026-05-28T19:00:00Z,0.995,17.748,92.982,848.136,87.647,3707.388,19.857,0.286,849.38,87.669,3710.741,19.855,0.286
2026-05-28T20:00:00Z,-2.227,17.354,89.321,898.94,89.248,2358.479,19.167,0.239,846.59,89.327,2360.15,19.189,0.237
2026-05-28T21:00:00Z,5.546,17.043,89.24,869.766,90.556,1250.181,18.619,0.203,966.18,90.502,1249.829,18.616,0.204
2026-05-28T22:00:00Z,-3.937,16.823,88.217,861.329,91.456,472.644,18.238,0.179,918.372,91.416,470.942,18.24,0.18
2026-05-28T23:00:00Z,1.034,16.705,86.877,903.382,91.929,76.466,18.039,0.167,872.462,91.942,76.149,18.027,0.167
2026-05-29T00:00:00Z,-3.62,16.721,87.497,869.769,91.937,72.954,18.053,0.167,875.547,91.953,77.536,18.025,0.166
2026-05-29T01:00:00Z,1.169,16.833,89.544,831.751,91.435,470.655,18.253,0.18,922.853,91.493,476.885,18.217,0.178
2026-05-29T02:00:00Z,0.368,17.042,89.219,870.471,90.525,1254.547,18.624,0.203,925.569,90.549,1251.107,18.63,0.203
2026-05-29T03:00:00Z,-1.112,17.378,89.489,891.523,89.308,2358.751,19.182,0.238,914.174,89.257,2357.226,19.192,0.239
2026-05-29T04:00:00Z,0.935,17.758,92.074,856.743,87.704,3711.938,19.86,0.285,939.074,87.683,3708.724,19.867,0.286
2026-05-29T05:00:00Z,-0.823,18.172,96.271,792.728,85.914,5215.795,20.615,0.342,879.18,85.897,5220.085,20.606,0.343
2026-05-29T06:00:00Z,0.883,18.586,93.917,873.756,84.093,6781.674,21.388,0.405,897.28,84.059,6780.303,21.385,0.406
2026-05-29T07:00:00Z,3.28,18.986,89.916,879.091,82.322,8287.789,22.143,0.472,880.53,82.353,8292.078,22.135,0.471
2026-05-29T08:00:00Z,-3.582,19.327,89.143,807.23,80.756,9640.648,22.809,0.535,954.092,80.803,9640.995,22.817,0.534
2026-05-29T09:00:00Z,3.006,19.63,84.241,882.052,79.52,10749.735,23.377,0.589,962.799,79.463,10744.546,23.369,0.59
2026-05-29T10:00:00Z,-1.249,19.801,82.313,885.064,78.573,11528.882,23.748,0.63,875.338,78.556,11532.642,23.764,0.631
2026-05-29T11:00:00Z,-3.081,19.913,82.479,835.433,78.101,11931.971,23.965,0.652,896.602,78.113,11934.418,23.964,0.652
2026-05-29T12:00:00Z,2.767,19.913,81.051,879.327,78.058,11934.24,23.974,0.654,880.835,78.069,11931.032,23.968,0.653
2026-05-29T13:00:00Z,0.528,19.818,83.966,853.901,78.582,11525.504,23.764,0.63,924.58,78.551,11529.87,23.766,0.631
2026-05-29T14:00:00Z,-0.294,19.629,83.467,911.874,79.478,10746.774,23.381,0.59,801.721,79.46,10746.598,23.368,0.59
2026-05-29T15:00:00Z,0.441,19.33,84.052,970.588,80.762,9640.063,22.809,0.534,901.175,80.788,9638.188,22.812,0.534
2026-05-29T16:00:00Z,-0.147,18.989,87.967,940.988,82.308,8284.37,22.145,0.472,857.714,82.339,8288.359,22.147,0.471
2026-05-29T17:00:00Z,-1.333,18.589,93.294,880.735,84.078,6780.948,21.389,0.406,891.845,84.093,6780.948,21.385,0.405
2026-05-29T18:00:00Z,-0.555,18.159,93.297,885.927,85.869,5220.689,20.608,0.343,875.934,85.916,5220.51,20.608,0.342
2026-05-29T19:00:00Z,3.245,17.81,92.272,865.923,87.49,3898.465,19.947,0.292,990.527,87.469,3897.291,19.949,0.292
2026-05-29T20:00:00Z,-0.718,17.32,89.112,896.099,89.463,2189.58,19.089,0.233,864.322,89.475,2196.241,19.108,0.233
2026-05-29T21:00:00Z,3.294,17.047,86.688,951.201,90.534,1254.925,18.628,0.203,914.832,90.479,1254.873,18.634,0.205
2026-05-29T22:00:00Z,2.443,16.823,86.741,922.861,91.468,473.446,18.237,0.179,834.228,91.441,471.59,18.226,0.179
2026-05-29T23:00:00Z,-5.955,16.71,84.362,964.321,91.914,78.39,18.044,0.167,884.167,91.879,76.925,18.035,0.168
2026-05-30T00:00:00Z,1.787,16.691,87.66,880.007,91.937,76.349,18.022,0.167,979.288,91.901,75.377,18.028,0.167
2026-05-30T01:00:00Z,-0.773,16.814,86.404,926.902,91.442,470.489,18.234,0.179,951.717,91.406,470.711,18.229,0.18
2026-05-30T02:00:00Z,6.045,17.047,88.469,894.922,90.516,1252.846,18.631,0.204,819.986,90.542,1254.602,18.635,0.203
2026-05-30T03:00:00Z,-6.71,17.355,91.571,837.319,89.238,2360.494,19.172,0.239,890.438,89.229,2356.607,19.17,0.239
2026-05-30T04:00:00Z,1.86,17.74,89.238,950.779,87.657,3711.85,19.85,0.286,858.241,87.704,3705.076,19.867,0.285
2026-05-30T05:00:00Z,-1.349,18.171,93.987,856.588,85.907,5217.773,20.617,0.343,939.052,85.909,5217.881,20.605,0.342
2026-05-30T06:00:00Z,-0.34,18.583,90.984,942.6,84.069,6777.006,21.388,0.406,929.715,84.083,6780.797,21.38,0.405
2026-05-30T07:00:00Z,-0.343,19.017,90.599,868.622,82.354,8288.144,22.168,0.472,897.874,82.33,8286.98,22.151,0.472
2026-05-30T08:00:00Z,1.808,19.332,87.746,855.296,80.682,9640.974,22.831,0.537,878.972,80.744,9644.305,22.822,0.535
2026-05-30T09:00:00Z,-0.469,19.616,84.703,866.034,79.463,10746.318,23.373,0.59,857.205,79.429,10746.413,23.364,0.591
2026-05-30T10:00:00Z,-0.721,19.798,80.797,925.141,78.534,11523.803,23.754,0.631,884.417,78.537,11524.286,23.765,0.632
2026-05-30T11:00:00Z,-1.46,19.893,80.761,895.137,78.037,11931.818,23.958,0.654,908.396,78.088,11934.631,23.971,0.653
2026-05-30T12:00:00Z,2.773,19.92,80.311,918.588,78.094,11933.348,23.972,0.653,853.744,78.124,11929.554,23.959,0.651
2026-05-30T13:00:00Z,-0.061,19.802,82.131,881.262,78.571,11526.417,23.75,0.63,945.411,78.529,11520.035,23.768,0.632
2026-05-30T14:00:00Z,-0.533,19.61,84.305,867.828,79.455,10745.172,23.367,0.59,959.392,79.458,10746.621,23.367,0.59
2026-05-30T15:00:00Z,-1.696,19.366,85.677,919.911,80.775,9646.175,22.843,0.535,853.153,80.746,9638.681,22.824,0.535
2026-05-30T16:00:00Z,2.48,19.002,89.623,901.278,82.354,8286.515,22.149,0.471,869.578,82.319,8286.386,22.142,0.472
2026-05-30T17:00:00Z,-0.836,18.597,95.249,814.529,84.107,6782.338,21.393,0.405,800.958,84.07,6783.012,21.394,0.406
2026-05-30T18:00:00Z,-0.076,18.166,94.892,848.131,85.878,5223.841,20.611,0.343,848.909,85.888,5217.755,20.615,0.343
2026-05-30T19:00:00Z,0.408,17.751,92.131,871.989,87.646,3712.009,19.861,0.287,931.237,87.672,3709.676,19.853,0.286
2026-05-30T20:00:00Z,-0.373,17.354,88.962,907.922,89.183,2358.29,19.178,0.24,902.269,89.279,2352.018,19.178,0.238
2026-05-30T21:00:00Z,0.496,17.036,83.879,1029.207,90.549,1256.448,18.612,0.203,807.156,90.502,1250.504,18.617,0.204
2026-05-30T22:00:00Z,-0.363,16.815,89.062,853.578,91.413,476.018,18.239,0.18,853.522,91.456,477.961,18.24,0.179
2026-05-30T23:00:00Z,-1.724,16.706,87.349,878.862,91.954,75.591,18.033,0.166,853.477,91.976,80.685,18.051,0.166
2026-05-31T00:00:00Z,0.218,16.698,86.946,904.2,91.931,76.899,18.029,0.167,828.239,91.901,76.272,18.029,0.167
2026-05-31T01:00:00Z,4.428,16.798,87.506,896.315,91.411,476.333,18.224,0.18,973.672,91.45,476.387,18.241,0.179
2026-05-31T02:00:00Z,3.998,17.051,86.426,948.874,90.57,1256.087,18.625,0.202,813.606,90.518,1254.562,18.622,0.204
2026-05-31T03:00:00Z,-7.1,17.356,89.967,898.076,89.259,2361.492,19.17,0.239,888.79,89.246,2360.266,19.178,0.239
2026-05-31T04:00:00Z,0.99,17.742,92.094,864.095,87.705,3710.788,19.846,0.285,892.557,87.701,3712.706,19.863,0.285
2026-05-31T05:00:00Z,-0.601,18.172,91.897,927.208,85.929,5218.391,20.611,0.342,923.442,85.899,5218.624,20.614,0.343
2026-05-31T06:00:00Z,0.189,18.582,92.898,882.456,84.048,6777.688,21.391,0.407,876.025,84.084,6783.115,21.384,0.405
2026-05-31T07:00:00Z,-0.279,18.977,89.028,904.909,82.298,8292.372,22.138,0.472,918.356,82.302,8289.043,22.156,0.473
2026-05-31T08:00:00Z,-0.321,19.322,84.632,936.829,80.688,9640.012,22.82,0.537,958.979,80.738,9645.394,22.823,0.536
2026-05-31T09:00:00Z,-1.162,19.589,83.797,896.684,79.38,10747.966,23.361,0.592,918.31,79.47,10746.101,23.364,0.59
2026-05-31T10:00:00Z,0.661,19.786,80.695,933.876,78.504,11522.495,23.748,0.632,896.972,78.569,11527.401,23.767,0.631
2026-05-31T11:00:00Z,1.237,19.934,82.975,840.908,78.146,11930.542,23.978,0.651,813.457,78.13,11932.655,23.949,0.651
2026-05-31T12:00:00Z,-0.194,19.909,82.252,853.752,78.09,11928.623,23.963,0.652,873.239,78.111,11929.836,23.965,0.652
2026-05-31T13:00:00Z,0.528,19.814,82.27,878.475,78.554,11528.189,23.765,0.631,879.03,78.574,11528.136,23.755,0.63
2026-05-31T14:00:00Z,-2.8,19.618,80.714,989.783,79.49,10745.963,23.367,0.589,960.698,79.518,10749.796,23.379,0.589
2026-05-31T15:00:00Z,3.285,19.336,85.658,914.178,80.763,9642.808,22.815,0.535,793.545,80.772,9637.95,22.807,0.534
2026-05-31T16:00:00Z,5.424,18.979,87.666,953.29,82.301,8290.698,22.138,0.472,903.231,82.283,8288.978,22.141,0.473
2026-05-31T17:00:00Z,-6.359,18.587,93.81,850.974,84.093,6785.15,21.386,0.405,924.995,84.116,6778.822,21.394,0.405
2026-05-31T18:00:00Z,0.097,18.172,94.906,827.086,85.908,5222.881,20.613,0.342,916.625,85.885,5220.934,20.618,0.343
2026-05-31T19:00:00Z,-2.826,17.746,93.724,801.626,87.634,3710.606,19.857,0.287,903.603,87.717,3703.622,19.86,0.285
2026-05-31T20:00:00Z,2.24,17.364,89.693,893.351,89.25,2358.462,19.177,0.239,857.81,89.233,2358.217,19.195,0.24
2026-05-31T21:00:00Z,-0.431,17.047,85.765,975.579,90.512,1252.672,18.629,0.204,962.636,90.546,1253.549,18.638,0.203
2026-05-31T22:00:00Z,0.709,16.837,88.63,875.32,91.498,473.566,18.245,0.178,886.259,91.414,474.332,18.242,0.18
2026-05-31T23:00:00Z,4.753,16.71,84.302,977.501,91.911,76.111,18.046,0.167,833.523,91.942,74.636,18.038,0.167
2026-06-01T00:00:00Z,-5.68,16.701,87.177,898.702,91.918,76.073,18.035,0.167,1017.958,91.951,77.924,18.035,0.167
2026-06-01T01:00:00Z,1.094,16.827,84.495,990.33,91.477,467.06,18.239,0.179,835.453,91.502,476.032,18.233,0.178
2026-06-01T02:00:00Z,0.169,17.042,88.187,905.803,90.524,1257.824,18.627,0.204,908.696,90.539,1253.706,18.621,0.203
2026-06-01T03:00:00Z,-0.824,17.368,91.442,837.566,89.286,2355.817,19.176,0.238,896.898,89.323,2350.872,19.177,0.237
2026-06-01T04:00:00Z,0.392,17.734,93.533,824.594,87.625,3711.029,19.851,0.287,833.521,87.638,3704.413,19.846,0.287
2026-06-01T05:00:00Z,-2.198,18.171,95.705,817.398,85.924,5219.904,20.612,0.342,924.144,85.961,5220.267,20.62,0.341
2026-06-01T06:00:00Z,4.601,18.587,92.516,906.044,84.103,6777.878,21.385,0.405,912.405,84.104,6782.193,21.398,0.405
2026-06-01T07:00:00Z,-5.357,18.983,90.666,854.531,82.316,8287.4,22.142,0.472,963.946,82.345,8290.619,22.142,0.471
2026-06-01T08:00:00Z,-0.493,19.336,87.114,850.766,80.745,9640.429,22.82,0.535,911.199,80.746,9645.187,22.82,0.535
2026-06-01T09:00:00Z,3.53,19.645,83.773,895.267,79.473,10741.1,23.402,0.591,814.793,79.463,10744.731,23.371,0.59
2026-06-01T10:00:00Z,-1.947,19.809,83.829,835.71,78.55,11529.247,23.763,0.631,825.602,78.491,11530.308,23.764,0.633
2026-06-01T11:00:00Z,0.079,19.91,79.348,931.506,78.092,11931.306,23.963,0.652,851.363,78.047,11929.094,23.967,0.654
2026-06-01T12:00:00Z,0.708,19.916,82.027,866.384,78.078,11928.928,23.972,0.653,894.588,78.007,11934.518,23.968,0.655
2026-06-01T13:00:00Z,0.304,19.831,81.235,918.121,78.551,11526.232,23.783,0.632,831.659,78.498,11522.667,23.778,0.633
2026-06-01T14:00:00Z,-0.149,19.629,83.816,902.539,79.489,10746.918,23.379,0.59,999.635,79.417,10745.256,23.368,0.591
2026-06-01T15:00:00Z,6.617,19.323,85.855,907.729,80.745,9645.577,22.806,0.535,926.611,80.72,9642.38,22.823,0.536
2026-06-01T16:00:00Z,-4.95,18.983,90.4,879.935,82.281,8288.63,22.146,0.473,808.801,82.318,8285.026,22.152,0.472
2026-06-01T17:00:00Z,0.593,18.597,95.273,821.404,84.134,6779.444,21.384,0.404,793.243,84.061,6785.738,21.398,0.406
2026-06-01T18:00:00Z,-3.043,18.165,93.275,878.276,85.908,5217.337,20.608,0.342,955.124,85.943,5211.543,20.609,0.342
2026-06-01T19:00:00Z,-1.504,17.763,92.87,831.603,87.775,3713.824,19.85,0.283,909.065,87.68,3711.369,19.854,0.286
2026-06-01T20:00:00Z,1.22,17.38,89.894,887.188,89.267,2358.657,19.189,0.239,944.131,89.265,2356.187,19.166,0.238
2026-06-01T21:00:00Z,4.499,17.048,89.601,862.662,90.599,1255.455,18.616,0.202,925.627,90.515,1252.953,18.619,0.204
2026-06-01T22:00:00Z,-4.065,16.811,89.974,833.474,91.406,474.468,18.235,0.18,926.722,91.41,473.365,18.241,0.18
2026-06-01T23:00:00Z,-0.163,16.712,89.856,812.772,91.946,70.128,18.042,0.167,870.922,91.917,74.37,18.031,0.167
2026-06-02T00:00:00Z,3.93,16.704,88.001,869.144,91.931,72.945,18.036,0.167,949.039,91.911,78.264,18.042,0.167
2026-06-02T01:00:00Z,2.532,16.814,88.502,850.535,91.491,470.334,18.224,0.178,895.153,91.454,471.392,18.246,0.179
2026-06-02T02:00:00Z,-6.365,17.05,91.155,802.184,90.544,1255.182,18.63,0.203,903.43,90.547,1250.388,18.628,0.203
2026-06-02T03:00:00Z,6.787,17.355,87.325,963.79,89.225,2359.21,19.175,0.239,893.175,89.284,2354.997,19.189,0.238
2026-06-02T04:00:00Z,-1.513,17.741,92.575,855.219,87.679,3706.676,19.847,0.286,945.644,87.63,3708.69,19.832,0.286
2026-06-02T05:00:00Z,1.265,18.161,93.357,867.839,85.849,5220.585,20.621,0.344,940.685,85.867,5220.128,20.629,0.344
2026-06-02T06:00:00Z,-3.673,18.586,91.732,937.139,84.054,6783.46,21.392,0.406,835.969,84.108,6783.581,21.391,0.405
2026-06-02T07:00:00Z,-2.293,19.002,90.025,894.834,82.412,8291.107,22.142,0.469,952.612,82.325,8287.896,22.147,0.472
2026-06-02T08:00:00Z,3.186,19.329,86.278,909.112,80.777,9637.879,22.806,0.534,887.94,80.808,9642.433,22.832,0.534
2026-06-02T09:00:00Z,-2.702,19.607,84.139,888.682,79.454,10748.209,23.364,0.59,900.822,79.406,10746.707,23.369,0.592
2026-06-02T10:00:00Z,2.074,19.809,81.999,893.976,78.531,11532.149,23.767,0.632,834.745,78.557,11530.295,23.772,0.631
2026-06-02T11:00:00Z,-3.784,19.905,77.544,984.945,78.047,11932.703,23.969,0.654,850.822,78.085,11924.486,23.965,0.653
2026-06-02T12:00:00Z,2.367,19.903,82.019,853.641,78.005,11932.077,23.975,0.655,913.196,78.062,11935.948,23.97,0.653
2026-06-02T13:00:00Z,4.268,19.806,82.502,884.697,78.537,11535.08,23.759,0.631,917.634,78.494,11528.108,23.77,0.633
2026-06-02T14:00:00Z,-5.94,19.612,83.365,900.38,79.442,10745.402,23.372,0.591,932.956,79.41,10745.084,23.394,0.592
2026-06-02T15:00:00Z,1.745,19.345,83.015,1005.873,80.79,9637.278,22.818,0.534,1033.199,80.788,9642.94,22.81,0.534
2026-06-02T16:00:00Z,-0.648,19.001,88.866,908.517,82.33,8286.387,22.155,0.472,917.517,82.285,8299.44,22.149,0.473
2026-06-02T17:00:00Z,-1.911,18.614,92.676,895.166,84.109,6780.622,21.405,0.405,909.372,84.096,6778.816,21.372,0.405
2026-06-02T18:00:00Z,8.818,18.185,89.512,993.473,85.946,5225.173,20.618,0.342,968.989,85.928,5211.869,20.596,0.342
2026-06-02T19:00:00Z,-1.31,17.742,91.4,895.183,87.665,3703.248,19.849,0.286,858.619,87.655,3710.674,19.846,0.286
2026-06-02T20:00:00Z,-4.271,17.364,89.857,890.35,89.248,2357.876,19.176,0.239,819.553,89.256,2357.284,19.181,0.239
2026-06-02T21:00:00Z,-2.531,17.036,85.934,958.053,90.56,1247.633,18.61,0.203,916.135,90.586,1251.651,18.624,0.202
2026-06-02T22:00:00Z,-0.423,16.813,90.825,786.491,91.46,474.179,18.227,0.179,964.12,91.403,475.804,18.239,0.18
2026-06-02T23:00:00Z,1.716,16.697,89.429,827.766,91.923,75.2,18.03,0.167,951.263,91.917,73.511,18.031,0.167
2026-06-03T00:00:00Z,-1.227,16.696,87.449,882.756,91.92,78.218,18.03,0.167,930.285,91.943,79.754,18.034,0.167
2026-06-03T01:00:00Z,2.312,16.815,86.581,925.176,91.44,470.498,18.235,0.179,799.288,91.486,473.151,18.238,0.178
2026-06-03T02:00:00Z,1.85,17.052,89.015,857.793,90.596,1257.871,18.624,0.202,961.024,90.562,1254.345,18.642,0.203
2026-06-03T03:00:00Z,-5.18,17.363,89.336,898.097,89.189,2355.46,19.188,0.24,964.325,89.186,2356.176,19.175,0.24
2026-06-03T04:00:00Z,6.955,17.775,89.997,945.076,87.724,3709.115,19.873,0.285,909.642,87.657,3708.227,19.878,0.287
2026-06-03T05:00:00Z,0.917,18.167,91.269,947.073,85.877,5219.588,20.618,0.343,905.224,85.898,5216.032,20.607,0.343
2026-06-03T06:00:00Z,-6.744,18.591,92.33,914.122,84.054,6781.318,21.399,0.407,814.893,84.064,6777.105,21.389,0.406
2026-06-03T07:00:00Z,2.395,18.989,90.609,868.237,82.313,8291.652,22.146,0.472,926.815,82.347,8286.076,22.161,0.472
2026-06-03T08:00:00Z,-2.039,19.339,86.782,876.607,80.763,9644.145,22.823,0.535,770.458,80.738,9645.025,22.817,0.535
2026-06-03T09:00:00Z,0.499,19.613,82.679,928.639,79.489,10752.091,23.364,0.589,994.997,79.526,10738.953,23.366,0.588
2026-06-03T10:00:00Z,2.712,19.804,84.353,821.877,78.556,11529.855,23.757,0.631,923.981,78.542,11526.938,23.764,0.631
2026-06-03T11:00:00Z,-3.706,19.92,80.711,897.282,78.129,11933.387,23.965,0.651,929.426,78.114,11929.245,23.971,0.652
2026-06-03T12:00:00Z,1.79,19.904,83.448,813.95,78.085,11937.139,23.959,0.652,870.019,78.067,11931.934,23.976,0.653
2026-06-03T13:00:00Z,1.264,19.802,82.893,874.071,78.546,11530.549,23.756,0.631,886.227,78.561,11529.374,23.766,0.631
2026-06-03T14:00:00Z,-0.277,19.613,80.101,1000.525,79.431,10750.786,23.373,0.591,935.892,79.503,10748.491,23.37,0.589
2026-06-03T15:00:00Z,6.628,19.322,83.196,990.74,80.676,9648.467,22.819,0.537,952.799,80.689,9634.938,22.838,0.537
2026-06-03T16:00:00Z,-6.262,18.982,89.974,887.206,82.33,8286.539,22.134,0.471,906.173,82.37,8283.601,22.144,0.47
2026-06-03T17:00:00Z,-1.001,18.613,93.906,859.026,84.198,6778.463,21.392,0.403,877.153,84.123,6777.289,21.389,0.405
2026-06-03T18:00:00Z,-0.852,18.164,90.729,949.748,85.868,5222.789,20.613,0.343,864.399,85.912,5217.796,20.605,0.342
2026-06-03T19:00:00Z,2.546,17.768,93.453,828.909,87.725,3711.082,19.863,0.285,950.723,87.706,3706.123,19.848,0.285
2026-06-03T20:00:00Z,-3.068,17.368,89.307,895.935,89.297,2363.565,19.172,0.238,891.626,89.319,2359.446,19.175,0.237
2026-06-03T21:00:00Z,9.098,17.049,88.022,903.567,90.508,1252.955,18.631,0.204,867.627,90.576,1246.059,18.609,0.202
2026-06-03T22:00:00Z,-8.022,16.797,85.811,953.057,91.372,473.694,18.227,0.181,938.338,91.437,471.642,18.243,0.179
2026-06-03T23:00:00Z,3.494,16.702,87.728,861.432,91.891,77.414,18.041,0.168,849.929,91.904,76.575,18.035,0.167
2026-06-04T00:00:00Z,-3.037,16.679,86.922,908.972,91.896,77.281,18.017,0.167,811.839,91.904,76.491,18.037,0.167
2026-06-04T01:00:00Z,-0.291,16.816,86.222,940.865,91.442,468.387,18.235,0.179,991.281,91.417,473.947,18.229,0.18
2026-06-04T02:00:00Z,5.046,17.034,89.299,865.482,90.505,1252.097,18.62,0.204,933.155,90.564,1251.393,18.629,0.203
2026-06-04T03:00:00Z,-4.316,17.378,92.196,806.705,89.274,2362.358,19.188,0.239,931.495,89.253,2354.653,19.186,0.239
2026-06-04T04:00:00Z,5.274,17.767,90.604,920.684,87.705,3704.756,19.871,0.285,870.479,87.725,3709.598,19.853,0.285
2026-06-04T05:00:00Z,-5.86,18.157,92.09,918.364,85.895,5221.589,20.605,0.343,895.701,85.889,5221.479,20.612,0.343
2026-06-04T06:00:00Z,-2.405,18.574,93.295,878.759,84.095,6777.004,21.376,0.405,826.008,84.071,6778.727,21.376,0.406
2026-06-04T07:00:00Z,3.281,18.967,88.174,930.674,82.282,8284.402,22.131,0.472,807.343,82.362,8287.701,22.154,0.471
2026-06-04T08:00:00Z,-0.03,19.322,87.348,864.327,80.705,9640.574,22.815,0.536,800.522,80.678,9639.0,22.811,0.537
2026-06-04T09:00:00Z,0.211,19.621,82.972,910.151,79.478,10746.479,23.376,0.59,875.263,79.451,10750.384,23.369,0.59
2026-06-04T10:00:00Z,-3.055,19.829,82.018,902.994,78.549,11523.496,23.782,0.632,864.026,78.554,11526.698,23.774,0.631
2026-06-04T11:00:00Z,0.576,19.907,79.448,942.231,78.115,11926.198,23.955,0.651,918.745,78.093,11936.351,23.97,0.653
2026-06-04T12:00:00Z,4.212,19.935,78.691,959.589,78.162,11930.634,23.976,0.651,912.701,77.997,11927.187,23.959,0.655
2026-06-04T13:00:00Z,-0.533,19.818,84.18,829.207,78.56,11526.418,23.769,0.631,850.136,78.522,11524.759,23.758,0.632
2026-06-04T14:00:00Z,-3.457,19.621,85.368,853.179,79.453,10746.314,23.378,0.591,904.017,79.407,10748.805,23.371,0.592
2026-06-04T15:00:00Z,-1.901,19.342,89.474,776.492,80.788,9639.377,22.815,0.534,822.877,80.749,9646.354,22.809,0.535
2026-06-04T16:00:00Z,2.533,19.011,92.032,824.061,82.369,8290.602,22.156,0.471,881.27,82.357,8289.961,22.14,0.471
2026-06-04T17:00:00Z,2.042,18.589,94.916,815.907,84.104,6775.408,21.384,0.405,826.468,84.133,6775.635,21.392,0.404
2026-06-04T18:00:00Z,-2.228,18.185,91.836,932.239,85.946,5215.236,20.619,0.342,935.293,85.901,5218.571,20.599,0.342
2026-06-04T19:00:00Z,0.76,17.724,90.227,926.519,87.592,3712.229,19.842,0.287,885.571,87.626,3708.031,19.856,0.287
2026-06-04T20:00:00Z,-1.092,17.373,86.541,992.198,89.294,2361.031,19.179,0.238,946.835,89.238,2351.12,19.183,0.239
2026-06-04T21:00:00Z,3.743,17.052,86.405,950.288,90.581,1250.345,18.621,0.202,835.782,90.528,1254.012,18.608,0.203
2026-06-04T22:00:00Z,-2.038,16.799,89.986,820.379,91.422,474.523,18.218,0.18,824.234,91.462,473.085,18.233,0.179
2026-06-04T23:00:00Z,-2.665,16.708,88.293,843.848,91.946,73.16,18.039,0.167,850.328,91.961,76.673,18.04,0.166
2026-06-05T00:00:00Z,0.796,16.692,87.611,857.562,91.913,71.008,18.027,0.167,922.892,91.914,74.051,18.013,0.167
2026-06-05T01:00:00Z,0.081,16.835,89.658,833.936,91.454,472.371,18.25,0.179,844.356,91.479,479.082,18.227,0.178
2026-06-05T02:00:00Z,4.286,17.038,88.12,890.272,90.515,1252.883,18.626,0.204,955.498,90.625,1253.426,18.626,0.201
2026-06-05T03:00:00Z,-0.386,17.35,86.589,997.86,89.237,2357.827,19.166,0.239,767.974,89.234,2362.027,19.171,0.239
2026-06-05T04:00:00Z,-5.393,17.735,90.946,899.848,87.644,3710.65,19.85,0.286,803.341,87.802,3715.988,19.852,0.283
2026-06-05T05:00:00Z,0.482,18.17,93.537,875.535,85.969,5220.416,20.602,0.341,960.338,85.944,5222.42,20.621,0.342
2026-06-05T06:00:00Z,7.162,18.6,91.376,936.781,84.1,6786.992,21.4,0.405,941.397,84.095,6779.292,21.393,0.405
2026-06-05T07:00:00Z,-8.212,18.994,91.544,829.637,82.285,8291.409,22.161,0.473,809.437,82.293,8285.13,22.146,0.473
2026-06-05T08:00:00Z,1.588,19.315,89.526,808.184,80.719,9641.492,22.805,0.535,853.187,80.792,9648.043,22.831,0.534
2026-06-05T09:00:00Z,6.796,19.632,82.187,939.178,79.532,10749.599,23.374,0.588,912.361,79.446,10748.817,23.364,0.59
2026-06-05T10:00:00Z,-5.571,19.823,80.485,946.94,78.577,11529.466,23.771,0.631,850.53,78.53,11525.316,23.754,0.631
2026-06-05T11:00:00Z,0.982,19.901,77.637,985.908,78.062,11927.586,23.961,0.653,937.279,78.065,11928.494,23.967,0.653
2026-06-05T12:00:00Z,-3.847,19.903,81.445,876.444,78.082,11938.583,23.958,0.652,812.19,78.067,11933.433,23.97,0.653
2026-06-05T13:00:00Z,1.033,19.795,81.31,926.577,78.514,11524.643,23.755,0.632,973.159,78.504,11533.31,23.774,0.633
2026-06-05T14:00:00Z,4.376,19.609,81.808,945.619,79.46,10746.208,23.363,0.59,927.403,79.483,10747.656,23.379,0.59
2026-06-05T15:00:00Z,-4.022,19.33,85.275,939.665,80.705,9644.52,22.82,0.536,850.728,80.725,9645.72,22.825,0.536
2026-06-05T16:00:00Z,2.249,18.999,90.052,886.156,82.373,8287.25,22.144,0.47,1001.098,82.332,8280.59,22.159,0.472
2026-06-05T17:00:00Z,-1.364,18.583,91.713,931.236,84.057,6783.704,21.387,0.406,948.51,84.06,6783.041,21.394,0.406
2026-06-05T18:00:00Z,-0.869,18.159,92.914,890.114,85.869,5222.663,20.608,0.343,912.588,85.94,5219.733,20.592,0.341
2026-06-05T19:00:00Z,4.51,17.745,91.595,869.678,87.578,3704.697,19.867,0.288,831.04,87.723,3709.607,19.847,0.285
2026-06-05T20:00:00Z,-5.643,17.343,91.892,825.74,89.221,2360.115,19.157,0.239,910.04,89.213,2357.609,19.17,0.24
2026-06-05T21:00:00Z,6.874,17.042,89.754,850.266,90.479,1290.288,18.63,0.205,997.605,90.434,1293.284,18.64,0.206
2026-06-05T22:00:00Z,-1.628,16.798,90.51,798.842,91.448,454.224,18.21,0.179,794.254,91.437,453.726,18.241,0.179
2026-06-05T23:00:00Z,0.772,16.668,89.958,792.263,91.843,77.728,18.016,0.169,1012.965,91.858,73.378,18.035,0.168
2026-06-06T00:00:00Z,-1.533,16.695,89.554,801.698,91.881,77.903,18.036,0.168,877.38,91.835,76.567,18.021,0.169
2026-06-06T01:00:00Z,3.626,16.827,87.119,905.702,91.51,470.551,18.232,0.178,874.858,91.373,472.243,18.247,0.181
2026-06-06T02:00:00Z,-3.846,17.052,89.219,871.175,90.569,1253.907,18.629,0.203,948.457,90.628,1248.654,18.622,0.201
2026-06-06T03:00:00Z,1.757,17.339,88.916,914.638,89.163,2360.126,19.169,0.241,850.617,89.27,2359.619,19.177,0.239
2026-06-06T04:00:00Z,-1.503,17.738,92.822,849.921,87.686,3711.273,19.844,0.285,906.995,87.647,3711.2,19.859,0.287
2026-06-06T05:00:00Z,1.75,18.153,92.676,905.947,85.886,5217.412,20.602,0.343,985.16,85.944,5220.082,20.608,0.341
2026-06-06T06:00:00Z,6.594,18.596,91.376,944.671,84.101,6777.061,21.396,0.405,912.989,84.136,6775.612,21.39,0.404
2026-06-06T07:00:00Z,-3.821,18.987,87.983,951.2,82.354,8283.07,22.138,0.471,826.124,82.351,8288.279,22.157,0.471
2026-06-06T08:00:00Z,-2.919,19.33,85.469,914.905,80.688,9638.747,22.823,0.537,860.047,80.679,9644.788,22.828,0.537
2026-06-06T09:00:00Z,2.059,19.616,82.675,922.181,79.44,10750.848,23.381,0.591,877.261,79.457,10747.365,23.362,0.59
2026-06-06T10:00:00Z,1.857,19.817,81.025,913.686,78.532,11526.531,23.775,0.632,829.863,78.561,11525.284,23.759,0.631
2026-06-06T11:00:00Z,-5.292,19.919,80.326,898.498,78.157,11934.91,23.961,0.65,852.911,78.143,11927.987,23.966,0.651
2026-06-06T12:00:00Z,1.521,19.903,79.153,947.783,78.033,11930.11,23.968,0.654,913.633,78.118,11935.025,23.97,0.652
2026-06-06T13:00:00Z,-1.934,19.815,84.112,838.198,78.519,11527.4,23.774,0.632,928.447,78.529,11528.279,23.753,0.631
2026-06-06T14:00:00Z,-2.053,19.587,85.22,844.201,79.412,10735.212,23.353,0.591,927.075,79.412,10743.212,23.339,0.59
2026-06-06T15:00:00Z,2.122,19.357,85.424,940.679,80.82,9642.822,22.822,0.533,941.795,80.726,9640.64,22.83,0.536
2026-06-06T16:00:00Z,4.281,18.993,84.684,1044.738,82.341,8287.525,22.144,0.471,934.177,82.332,8290.992,22.147,0.472
2026-06-06T17:00:00Z,-3.713,18.605,89.958,983.53,84.091,6785.166,21.401,0.406,917.298,84.047,6783.033,21.369,0.406
2026-06-06T18:00:00Z,1.479,18.174,92.341,909.093,85.965,5214.34,20.604,0.341,987.543,85.933,5221.112,20.625,0.342
2026-06-06T19:00:00Z,-0.667,17.736,92.56,849.424,87.662,3711.116,19.842,0.286,903.105,87.628,3709.564,19.845,0.287
2026-06-06T20:00:00Z,3.556,17.374,86.888,976.157,89.248,2355.83,19.185,0.239,871.624,89.231,2352.091,19.187,0.24
2026-06-06T21:00:00Z,-7.758,17.064,86.712,921.157,90.597,1255.925,18.633,0.202,971.041,90.593,1256.375,18.639,0.202
2026-06-06T22:00:00Z,1.609,16.819,89.088,840.064,91.481,471.296,18.227,0.178,1060.287,91.475,472.4,18.242,0.179
2026-06-06T23:00:00Z,0.058,16.704,85.718,937.362,91.944,72.65,18.036,0.167,828.023,91.85,77.62,18.025,0.168
2026-06-07T00:00:00Z,5.33,16.701,83.827,998.672,91.94,74.412,18.032,0.167,931.623,91.922,73.313,18.042,0.167
2026-06-07T01:00:00Z,-3.708,16.817,85.703,955.769,91.397,475.752,18.243,0.18,847.363,91.483,476.17,18.236,0.178
2026-06-07T02:00:00Z,0.226,17.072,86.158,976.844,90.535,1253.286,18.654,0.204,976.735,90.607,1255.827,18.619,0.202
2026-06-07T03:00:00Z,7.393,17.359,84.405,1045.678,89.25,2358.312,19.176,0.239,901.745,89.233,2358.433,19.188,0.239
2026-06-07T04:00:00Z,-0.228,17.774,90.732,909.742,87.707,3708.178,19.874,0.285,911.14,87.683,3708.2,19.858,0.286
2026-06-07T05:00:00Z,-0.099,18.161,92.244,913.132,85.958,5212.375,20.597,0.341,836.409,85.974,5224.121,20.619,0.341
2026-06-07T06:00:00Z,-0.016,18.621,93.331,878.945,84.198,6780.147,21.401,0.403,937.155,84.079,6782.835,21.409,0.406
2026-06-07T07:00:00Z,-0.866,18.979,88.514,928.892,82.321,8293.717,22.141,0.472,944.683,82.286,8298.343,22.141,0.473
2026-06-07T08:00:00Z,-8.278,19.333,88.31,849.428,80.784,9640.278,22.809,0.534,812.509,80.741,9647.961,22.826,0.536
2026-06-07T09:00:00Z,8.148,19.601,82.273,939.387,79.379,10752.152,23.376,0.593,989.274,79.482,10743.874,23.38,0.59
2026-06-07T10:00:00Z,-6.759,19.809,83.176,860.496,78.588,11524.668,23.756,0.63,917.629,78.534,11528.585,23.78,0.632
2026-06-07T11:00:00Z,5.633,19.885,75.462,1065.394,78.035,11936.452,23.95,0.654,885.095,78.073,11933.135,23.967,0.653
2026-06-07T12:00:00Z,-3.975,19.894,80.998,893.898,78.049,11931.983,23.954,0.653,977.06,78.051,11936.061,23.965,0.654
2026-06-07T13:00:00Z,-1.906,19.805,81.459,908.344,78.546,11530.622,23.759,0.631,872.743,78.503,11526.987,23.757,0.632
2026-06-07T14:00:00Z,-0.515,19.621,84.834,858.449,79.488,10744.873,23.372,0.589,869.055,79.402,10752.689,23.385,0.592
2026-06-07T15:00:00Z,0.746,19.347,86.22,912.673,80.749,9641.842,22.83,0.535,980.801,80.723,9646.886,22.832,0.536
2026-06-07T16:00:00Z,8.373,18.989,86.3,980.118,82.289,8296.489,22.15,0.473,844.724,82.316,8292.022,22.143,0.472
2026-06-07T17:00:00Z,-2.757,18.595,91.233,946.432,84.098,6779.614,21.392,0.405,950.501,84.05,6784.25,21.378,0.406
2026-06-07T18:00:00Z,-4.076,18.164,94.997,852.646,85.96,5220.487,20.592,0.341,900.728,85.873,5222.86,20.612,0.343
2026-06-07T19:00:00Z,3.76,17.757,87.411,1013.31,87.691,3709.084,19.857,0.285,896.141,87.649,3707.573,19.861,0.287
2026-06-07T20:00:00Z,-6.584,17.382,93.234,770.155,89.218,2354.859,19.198,0.24,952.488,89.207,2355.872,19.186,0.24
2026-06-07T21:00:00Z,1.882,17.047,89.834,860.205,90.516,1253.704,18.629,0.204,835.223,90.443,1254.425,18.633,0.205
2026-06-07T22:00:00Z,-1.271,16.809,85.954,949.246,91.371,468.168,18.238,0.181,924.744,91.413,472.279,18.245,0.18
2026-06-07T23:00:00Z,0.786,16.715,91.055,761.803,91.903,76.388,18.053,0.168,854.765,91.947,78.163,18.028,0.167
2026-06-08T00:00:00Z,8.77,16.686,86.156,924.266,91.901,76.693,18.023,0.167,924.758,91.893,72.058,18.052,0.168
2026-06-08T01:00:00Z,-10.107,16.81,88.973,851.688,91.43,474.076,18.233,0.18,902.912,91.382,470.809,18.234,0.181
2026-06-08T02:00:00Z,2.123,17.052,89.002,883.157,90.562,1255.969,18.628,0.203,796.154,90.556,1254.201,18.621,0.203
2026-06-08T03:00:00Z,-2.545,17.366,90.25,860.883,89.264,2357.159,19.179,0.239,919.684,89.25,2354.633,19.163,0.239
2026-06-08T04:00:00Z,0.797,17.742,93.52,819.136,87.635,3710.797,19.859,0.287,958.987,87.697,3708.23,19.84,0.285
2026-06-08T05:00:00Z,0.709,18.161,92.157,910.888,85.945,5221.808,20.597,0.341,885.581,85.874,5213.518,20.619,0.343
2026-06-08T06:00:00Z,2.129,18.59,93.754,863.108,84.1,6781.982,21.392,0.405,854.616,84.052,6786.798,21.382,0.406
2026-06-08T07:00:00Z,-2.71,18.975,85.988,995.589,82.28,8291.174,22.142,0.473,1023.969,82.239,8289.25,22.153,0.474
2026-06-08T08:00:00Z,0.9,19.331,83.704,979.558,80.744,9643.022,22.818,0.535,762.895,80.817,9640.897,22.825,0.533
2026-06-08T09:00:00Z,-1.246,19.603,86.816,800.275,79.442,10742.638,23.362,0.59,928.433,79.452,10753.29,23.365,0.59
2026-06-08T10:00:00Z,2.77,19.815,80.846,939.121,78.552,11523.545,23.77,0.631,900.811,78.531,11527.536,23.767,0.632
2026-06-08T11:00:00Z,-1.188,19.927,83.562,815.481,78.115,11932.004,23.974,0.652,836.179,78.063,11930.74,23.984,0.654
2026-06-08T12:00:00Z,-0.604,19.905,78.619,962.504,78.109,11936.152,23.955,0.651,893.738,78.057,11929.193,23.945,0.653
2026-06-08T13:00:00Z,-0.742,19.802,82.57,868.286,78.499,11530.027,23.765,0.633,903.693,78.554,11526.613,23.749,0.63
2026-06-08T14:00:00Z,0.673,19.605,85.33,841.182,79.39,10753.892,23.377,0.592,824.406,79.476,10747.991,23.379,0.59
2026-06-08T15:00:00Z,-1.387,19.341,89.276,797.541,80.732,9649.455,22.825,0.536,789.752,80.694,9644.383,22.84,0.537
2026-06-08T16:00:00Z,1.985,18.996,89.177,902.61,82.325,8285.009,22.148,0.472,897.359,82.317,8287.814,22.149,0.472
2026-06-08T17:00:00Z,-0.873,18.591,91.833,918.262,84.033,6780.258,21.4,0.407,848.179,84.051,6782.873,21.367,0.406
2026-06-08T18:00:00Z,4.489,18.15,92.183,918.31,85.869,5219.425,20.597,0.343,988.395,85.909,5223.62,20.621,0.343
2026-06-08T19:00:00Z,-0.677,17.767,89.556,958.314,87.678,3707.941,19.872,0.286,923.021,87.673,3708.462,19.866,0.286
2026-06-08T20:00:00Z,-2.136,17.38,91.266,856.59,89.311,2358.833,19.18,0.238,803.867,89.28,2359.548,19.189,0.238
2026-06-08T21:00:00Z,5.242,17.04,89.207,868.888,90.545,1250.47,18.616,0.203,896.498,90.49,1256.781,18.624,0.204
2026-06-08T22:00:00Z,-7.86,16.837,88.856,837.984,91.527,474.43,18.239,0.178,823.132,91.395,473.819,18.229,0.18
2026-06-08T23:00:00Z,2.181,16.715,86.69,899.247,91.981,74.891,18.037,0.166,808.021,91.893,72.827,18.05,0.168
2026-06-09T00:00:00Z,1.143,16.703,87.168,878.946,91.963,78.781,18.031,0.166,838.749,91.895,75.041,18.055,0.168
2026-06-09T01:00:00Z,-1.129,16.827,82.744,1036.99,91.469,469.224,18.24,0.179,850.03,91.471,474.301,18.248,0.179
2026-06-09T02:00:00Z,7.084,17.029,84.384,1030.88,90.497,1257.087,18.621,0.204,875.499,90.545,1246.904,18.617,0.203
2026-06-09T03:00:00Z,-8.572,17.374,90.361,876.543,89.19,2353.087,19.199,0.241,929.964,89.195,2352.229,19.168,0.24
2026-06-09T04:00:00Z,6.015,17.748,91.544,880.374,87.673,3711.427,19.855,0.286,861.568,87.681,3712.05,19.868,0.286
2026-06-09T05:00:00Z,-4.484,18.175,93.952,859.124,85.93,5207.069,20.617,0.342,965.758,85.851,5218.364,20.604,0.344
2026-06-09T06:00:00Z,7.421,18.601,91.57,934.133,84.054,6776.683,21.409,0.407,908.444,84.142,6779.05,21.395,0.404
2026-06-09T07:00:00Z,-8.84,19.002,90.392,867.49,82.357,8295.794,22.156,0.471,825.601,82.372,8283.509,22.141,0.47
2026-06-09T08:00:00Z,-1.54,19.348,85.469,917.609,80.786,9645.06,22.827,0.534,832.308,80.781,9641.093,22.815,0.534
2026-06-09T09:00:00Z,2.994,19.618,81.371,970.977,79.376,10744.812,23.391,0.593,808.911,79.481,10741.298,23.394,0.59
2026-06-09T10:00:00Z,2.086,19.803,78.851,980.711,78.514,11529.0,23.763,0.632,940.051,78.603,11533.222,23.751,0.629
2026-06-09T11:00:00Z,1.458,19.909,81.407,877.407,78.049,11929.793,23.972,0.654,915.625,78.076,11933.488,23.975,0.653
2026-06-09T12:00:00Z,-3.114,19.89,82.846,833.25,78.004,11931.431,23.961,0.655,876.894,78.087,11940.722,23.969,0.653
2026-06-09T13:00:00Z,1.355,19.789,82.616,889.518,78.54,11531.403,23.742,0.631,896.932,78.564,11532.546,23.76,0.63
2026-06-09T14:00:00Z,0.611,19.63,82.043,938.668,79.457,10747.667,23.387,0.591,868.772,79.544,10747.657,23.365,0.588
2026-06-09T15:00:00Z,-2.526,19.354,87.987,845.152,80.776,9639.56,22.829,0.535,847.918,80.754,9640.435,22.813,0.535
2026-06-09T16:00:00Z,-2.012,19.046,87.932,930.148,82.11,8476.112,22.242,0.48,766.446,82.104,8471.143,22.217,0.48
2026-06-09T22:00:00Z,13.452,16.851,86.229,936.819,91.536,416.078,18.235,0.177,881.45,91.5,417.606,18.201,0.178
2026-06-09T23:00:00Z,-2.056,16.707,88.542,851.449,91.948,71.222,18.035,0.167,963.108,91.901,75.217,18.028,0.167
2026-06-10T00:00:00Z,3.066,16.707,88.172,856.015,91.963,76.923,18.035,0.166,913.753,91.876,72.721,18.031,0.168
2026-06-10T01:00:00Z,-5.739,16.861,87.184,900.367,91.573,474.416,18.258,0.177,873.943,91.426,473.118,18.236,0.18
2026-06-10T02:00:00Z,0.411,17.033,90.543,818.686,90.556,1253.374,18.61,0.203,944.379,90.556,1248.23,18.622,0.203
2026-06-10T03:00:00Z,-0.354,17.353,90.334,879.012,89.18,2355.629,19.182,0.241,1032.521,89.27,2359.887,19.194,0.239
2026-06-10T04:00:00Z,6.052,17.735,90.133,929.395,87.646,3709.168,19.848,0.286,769.718,87.716,3705.436,19.844,0.285
2026-06-10T05:00:00Z,-3.34,18.167,93.913,889.685,85.887,5215.543,20.617,0.343,954.141,85.955,5214.525,20.608,0.341
2026-06-10T06:00:00Z,0.096,18.558,92.598,917.161,84.007,6775.305,21.373,0.407,870.998,84.049,6773.455,21.377,0.406
2026-06-10T07:00:00Z,-0.318,18.977,88.183,937.511,82.309,8282.473,22.138,0.472,991.448,82.316,8286.35,22.15,0.472
2026-06-10T08:00:00Z,0.074,19.327,87.376,865.912,80.711,9634.809,22.818,0.536,767.271,80.751,9641.6,22.806,0.535
2026-06-10T09:00:00Z,-1.472,19.61,84.955,852.892,79.444,10742.268,23.369,0.591,834.728,79.548,10752.25,23.367,0.588
2026-06-10T10:00:00Z,-0.399,19.817,81.46,918.711,78.619,11535.845,23.758,0.629,814.551,78.521,11528.0,23.764,0.632
2026-06-10T11:00:00Z,6.57,19.912,81.361,878.503,78.034,11931.645,23.978,0.655,833.228,78.096,11933.832,23.961,0.652
2026-06-10T12:00:00Z,-6.098,19.896,80.197,917.84,78.027,11930.564,23.963,0.654,943.054,78.149,11931.298,23.966,0.651
2026-06-10T13:00:00Z,3.503,19.819,78.617,999.684,78.511,11527.564,23.779,0.633,997.838,78.527,11529.642,23.758,0.632
2026-06-10T14:00:00Z,-1.04,19.594,79.561,1028.137,79.384,10745.028,23.363,0.592,853.828,79.494,10751.433,23.378,0.59
2026-06-10T15:00:00Z,-1.814,19.325,84.095,968.578,80.713,9644.0,22.814,0.536,959.954,80.762,9647.272,22.813,0.535
2026-06-10T16:00:00Z,-0.938,19.001,88.038,936.226,82.319,8294.042,22.156,0.472,878.566,82.3,8289.111,22.145,0.472
2026-06-10T17:00:00Z,1.309,18.6,93.806,869.066,84.058,6783.7,21.403,0.407,878.646,84.098,6779.332,21.412,0.406
2026-06-10T18:00:00Z,4.578,18.169,93.98,862.038,85.94,5218.272,20.603,0.341,979.266,85.88,5218.088,20.62,0.343
2026-06-10T19:00:00Z,-3.546,17.741,93.324,823.513,87.651,3708.005,19.851,0.286,943.265,87.652,3709.551,19.861,0.286
2026-06-10T20:00:00Z,-2.522,17.365,87.576,961.66,89.241,2360.259,19.176,0.239,784.022,89.179,2361.366,19.181,0.241
2026-06-10T21:00:00Z,0.359,17.04,90.291,834.276,90.569,1255.37,18.614,0.202,945.681,90.583,1254.931,18.618,0.202
2026-06-10T22:00:00Z,2.129,16.814,87.553,892.98,91.469,473.236,18.227,0.179,871.448,91.457,472.861,18.241,0.179
2026-06-10T23:00:00Z,2.006,16.704,87.209,898.838,91.933,71.722,18.034,0.167,852.664,91.86,76.546,18.038,0.168
2026-06-11T00:00:00Z,-0.581,16.701,87.612,885.382,91.96,71.363,18.03,0.166,1044.966,91.967,75.874,18.058,0.166
2026-06-11T01:00:00Z,-1.915,16.814,86.976,916.2,91.447,474.581,18.234,0.179,835.219,91.474,473.544,18.239,0.179
2026-06-11T02:00:00Z,0.431,17.028,90.974,816.193,90.536,1251.488,18.61,0.203,901.822,90.522,1250.926,18.613,0.203
2026-06-11T03:00:00Z,0.296,17.359,89.829,887.208,89.244,2361.601,19.177,0.239,892.508,89.261,2356.427,19.178,0.239
2026-06-11T04:00:00Z,-2.727,17.754,92.022,849.914,87.654,3709.477,19.866,0.286,876.045,87.669,3711.617,19.862,0.286
2026-06-11T05:00:00Z,-0.48,18.155,94.743,853.688,85.977,5221.742,20.59,0.34,902.579,85.883,5212.779,20.6,0.343
2026-06-11T06:00:00Z,5.258,18.569,89.538,990.881,84.048,6777.822,21.381,0.406,865.274,84.092,6787.752,21.396,0.406
2026-06-11T07:00:00Z,-5.004,18.985,90.659,862.109,82.367,8298.723,22.133,0.47,831.963,82.317,8285.812,22.166,0.473
2026-06-11T08:00:00Z,9.838,19.355,83.258,988.655,80.786,9647.159,22.833,0.535,1015.071,80.741,9641.402,22.81,0.535
2026-06-11T09:00:00Z,-4.158,19.606,81.043,991.377,79.496,10751.427,23.356,0.589,753.862,79.447,10745.61,23.374,0.591
2026-06-11T10:00:00Z,-5.211,19.829,81.29,922.487,78.6,11524.568,23.774,0.63,788.013,78.568,11523.333,23.754,0.63
2026-06-11T11:00:00Z,-1.587,19.885,81.701,863.637,78.034,11931.675,23.949,0.653,898.881,78.063,11931.708,23.955,0.653
2026-06-11T12:00:00Z,1.013,19.921,82.943,826.335,78.128,11935.406,23.97,0.651,921.263,78.138,11933.462,23.976,0.651
2026-06-11T13:00:00Z,-0.173,19.822,79.807,961.724,78.594,11528.236,23.765,0.63,891.533,78.562,11531.892,23.782,0.631
2026-06-11T14:00:00Z,3.383,19.617,79.638,1011.207,79.495,10744.288,23.362,0.589,896.086,79.484,10744.901,23.378,0.59
2026-06-11T15:00:00Z,0.342,19.339,87.402,865.866,80.748,9649.156,22.822,0.535,916.206,80.717,9640.642,22.827,0.536
2026-06-11T16:00:00Z,1.692,18.978,89.716,890.806,82.291,8287.929,22.137,0.472,836.71,82.371,8290.292,22.124,0.47
2026-06-11T17:00:00Z,-4.61,18.6,92.761,904.487,84.181,6783.66,21.378,0.403,954.533,84.073,6781.651,21.388,0.406
2026-06-11T18:00:00Z,4.944,18.175,87.545,1062.66,85.972,5205.152,20.604,0.341,838.42,85.832,5217.29,20.605,0.344
2026-06-11T19:00:00Z,-5.319,17.757,92.15,851.604,87.706,3709.076,19.855,0.285,964.956,87.67,3720.038,19.868,0.286
2026-06-11T20:00:00Z,1.639,17.359,86.157,998.172,89.254,2351.512,19.169,0.239,793.551,89.229,2359.09,19.18,0.239
2026-06-11T21:00:00Z,0.739,17.04,85.231,986.035,90.501,1253.081,18.624,0.204,841.169,90.56,1253.706,18.648,0.203
2026-06-11T22:00:00Z,1.581,16.828,88.688,858.764,91.434,476.239,18.246,0.18,937.293,91.517,474.665,18.229,0.178
2026-06-11T23:00:00Z,-4.393,16.703,87.71,873.764,91.829,75.539,18.053,0.169,890.117,91.877,70.772,18.025,0.168
2026-06-12T00:00:00Z,3.258,16.719,84.06,996.371,91.963,70.467,18.047,0.166,864.288,91.939,74.995,18.034,0.167
2026-06-12T01:00:00Z,0.666,16.823,87.417,907.536,91.431,474.01,18.244,0.18,994.174,91.385,473.067,18.254,0.181
2026-06-12T02:00:00Z,-4.932,17.051,88.955,879.631,90.535,1260.052,18.634,0.203,874.199,90.493,1257.167,18.645,0.204
2026-06-12T03:00:00Z,3.299,17.373,86.067,1005.091,89.255,2361.67,19.188,0.239,840.921,89.292,2359.067,19.184,0.238
2026-06-12T04:00:00Z,-0.532,17.731,91.432,899.172,87.623,3717.708,19.851,0.287,829.4,87.679,3712.249,19.871,0.286
2026-06-12T05:00:00Z,7.193,18.189,88.3,1032.168,85.967,5218.397,20.622,0.341,924.803,85.857,5223.0,20.601,0.343
2026-06-12T06:00:00Z,-7.352,18.567,92.146,923.284,84.084,6782.558,21.371,0.405,937.933,84.091,6780.106,21.414,0.406
2026-06-12T07:00:00Z,8.446,18.983,86.322,1003.47,82.351,8295.005,22.133,0.471,905.581,82.399,8289.94,22.15,0.47
2026-06-12T08:00:00Z,-8.486,19.332,84.63,957.879,80.776,9642.956,22.811,0.534,1023.085,80.728,9647.263,22.822,0.536
2026-06-12T09:00:00Z,-1.061,19.635,83.196,913.736,79.488,10755.884,23.388,0.59,872.818,79.473,10748.111,23.368,0.59
2026-06-12T10:00:00Z,3.694,19.816,83.788,852.561,78.468,11531.636,23.787,0.634,952.973,78.564,11527.184,23.759,0.63
2026-06-12T11:00:00Z,-1.288,19.914,78.102,973.412,78.092,11930.435,23.967,0.652,945.242,78.112,11931.483,23.967,0.652
2026-06-12T12:00:00Z,-1.217,19.94,83.284,809.522,78.083,11933.757,23.994,0.654,875.253,78.11,11924.631,23.996,0.653
2026-06-12T13:00:00Z,5.472,19.805,81.37,924.724,78.547,11531.408,23.76,0.631,936.54,78.562,11531.524,23.775,0.631
2026-06-12T14:00:00Z,-3.396,19.62,81.439,960.91,79.449,10747.854,23.38,0.591,942.353,79.434,10745.922,23.378,0.591
2026-06-12T15:00:00Z,-0.891,19.355,89.386,787.117,80.788,9649.233,22.829,0.534,887.098,80.703,9636.481,22.821,0.536
2026-06-12T16:00:00Z,1.271,18.996,92.891,782.651,82.333,8280.432,22.148,0.472,808.358,82.328,8289.951,22.149,0.472
2026-06-12T17:00:00Z,-0.057,18.594,91.801,918.726,84.091,6782.995,21.39,0.405,956.118,84.145,6777.654,21.395,0.404
2026-06-12T18:00:00Z,0.016,18.176,95.34,821.744,85.909,5218.8,20.616,0.342,949.151,85.899,5221.629,20.615,0.343
2026-06-12T19:00:00Z,-1.38,17.759,92.78,849.554,87.698,3716.346,19.858,0.285,878.845,87.676,3707.132,19.844,0.286
2026-06-12T20:00:00Z,8.42,17.362,87.595,953.92,89.289,2361.299,19.167,0.238,901.691,89.216,2358.912,19.173,0.24
2026-06-12T21:00:00Z,-8.155,17.061,84.361,1012.863,90.614,1250.632,18.625,0.202,832.519,90.597,1250.191,18.633,0.202
2026-06-12T22:00:00Z,-1.837,16.806,86.943,908.617,91.437,468.18,18.223,0.179,838.814,91.411,473.605,18.226,0.18
2026-06-12T23:00:00Z,5.338,16.725,89.506,842.745,91.863,104.028,18.073,0.169,887.313,91.847,116.798,18.075,0.169
2026-06-16T09:00:00Z,-2.435,19.608,86.053,822.111,79.406,10793.589,23.392,0.593,928.594,79.428,10792.891,23.42,0.593
2026-06-16T10:00:00Z,2.614,19.8,82.704,866.721,78.549,11524.578,23.755,0.631,789.775,78.598,11526.637,23.751,0.629
2026-06-16T11:00:00Z,-3.034,19.912,81.521,867.976,78.064,11926.688,23.972,0.653,913.58,78.096,11927.556,23.98,0.653
2026-06-16T12:00:00Z,0.196,19.917,83.782,815.708,78.093,11934.838,23.967,0.652,902.078,78.039,11928.324,23.936,0.653
2026-06-16T13:00:00Z,1.74,19.797,83.022,836.694,78.513,11528.054,23.76,0.632,1021.811,78.517,11530.853,23.772,0.632
2026-06-16T14:00:00Z,-1.492,19.616,86.738,816.064,79.446,10750.049,23.374,0.591,936.309,79.509,10746.397,23.377,0.589
2026-06-16T15:00:00Z,1.22,19.329,86.721,897.289,80.74,9638.431,22.81,0.535,954.285,80.718,9640.098,22.838,0.537
2026-06-16T16:00:00Z,-1.647,18.989,89.506,890.278,82.33,8289.35,22.138,0.471,854.289,82.318,8292.734,22.148,0.472
2026-06-16T17:00:00Z,1.557,18.595,90.411,967.431,84.088,6780.319,21.392,0.406,944.799,84.098,6784.466,21.389,0.405
2026-06-16T18:00:00Z,1.952,18.181,93.378,888.392,85.931,5215.911,20.616,0.342,907.312,85.953,5220.182,20.618,0.341
2026-06-16T19:00:00Z,-2.772,17.774,89.518,930.071,87.683,3774.492,19.878,0.286,958.528,87.601,3763.85,19.88,0.288
